{
  "hash": "f7276e11",
  "configHash": "1cdbbf14",
  "lockfileHash": "b92e7a53",
  "browserHash": "83d34c06",
  "optimized": {
    "@angular/common": {
      "src": "../../../../../node_modules/@angular/common/fesm2022/common.mjs",
      "file": "@angular_common.js",
      "fileHash": "584766ad",
      "needsInterop": false
    },
    "@angular/common/http": {
      "src": "../../../../../node_modules/@angular/common/fesm2022/http.mjs",
      "file": "@angular_common_http.js",
      "fileHash": "2091e59c",
      "needsInterop": false
    },
    "@angular/core": {
      "src": "../../../../../node_modules/@angular/core/fesm2022/core.mjs",
      "file": "@angular_core.js",
      "fileHash": "88c8a018",
      "needsInterop": false
    },
    "@angular/forms": {
      "src": "../../../../../node_modules/@angular/forms/fesm2022/forms.mjs",
      "file": "@angular_forms.js",
      "fileHash": "6faeadb4",
      "needsInterop": false
    },
    "@angular/material/slide-toggle": {
      "src": "../../../../../node_modules/@angular/material/fesm2022/slide-toggle.mjs",
      "file": "@angular_material_slide-toggle.js",
      "fileHash": "a6015b90",
      "needsInterop": false
    },
    "@angular/platform-browser": {
      "src": "../../../../../node_modules/@angular/platform-browser/fesm2022/platform-browser.mjs",
      "file": "@angular_platform-browser.js",
      "fileHash": "630d2edd",
      "needsInterop": false
    },
    "@angular/router": {
      "src": "../../../../../node_modules/@angular/router/fesm2022/router.mjs",
      "file": "@angular_router.js",
      "fileHash": "5751c568",
      "needsInterop": false
    },
    "rxjs": {
      "src": "../../../../../node_modules/rxjs/dist/esm5/index.js",
      "file": "rxjs.js",
      "fileHash": "92fa2921",
      "needsInterop": false
    }
  },
  "chunks": {
    "chunk-5RR4LY36": {
      "file": "chunk-5RR4LY36.js"
    },
    "chunk-SV36TQ4W": {
      "file": "chunk-SV36TQ4W.js"
    },
    "chunk-LSY3H5U7": {
      "file": "chunk-LSY3H5U7.js"
    },
    "chunk-RURLEJOV": {
      "file": "chunk-RURLEJOV.js"
    },
    "chunk-QEYWROO2": {
      "file": "chunk-QEYWROO2.js"
    },
    "chunk-YTR4LZ5T": {
      "file": "chunk-YTR4LZ5T.js"
    }
  }
}